<?xml version="1.0" encoding="UTF-8" standalone="yes"?>
<addon id="repository.gaia.core" version="6.9.9" name="Gaia Repository (Core)" provider-name="Gaia">
	<extension point="xbmc.addon.repository" name="Gaia Repository (Core)">
		<dir minversion="19.0.0">
			<info compressed="false">https://github.com/gaiakodi/gaiamain/raw/master/addons.xml?v=6.9.9</info>
			<checksum>https://github.com/gaiakodi/gaiamain/raw/master/addons.xml.md5?v=6.9.9</checksum>
			<datadir zip="true">https://github.com/gaiakodi/gaiamain/raw/master/</datadir>
		</dir>
		<dir minversion="19.0.0">
			<info compressed="false">https://github.com/gaiakodi/gaiamain/raw/master/common/addons.core.xml?v=6.9.9</info>
			<checksum>https://github.com/gaiakodi/gaiamain/raw/master/common/addons.core.xml.md5?v=6.9.9</checksum>
			<datadir zip="true">https://github.com/gaiakodi/gaiamain/raw/master/common/</datadir>
		</dir>
	</extension>
	<extension point="xbmc.addon.metadata">
		<summary lang="en">Gaia Essential Repository</summary>
		<description lang="en">The Gaia repository containing only essential addons. The repository only holds addons that are needed to install Gaia. Any other optional third-party addons that extended the functionality of Gaia must be installed manually or downloaded from the third-party repository.</description>
		<disclaimer lang="en">Gaia and its developers are not affiliated with Kodi or any of the services used in the addon. Gaia and its developers do not create, host, or distribute any of the content displayed in the addon. Gaia simply searches publicly available sources for content. Gaia is, and always will be, free and open-source. None of its code or resources may be sold or redistributed for commercial purposes.</disclaimer>

		<platform>all</platform>
		<license>GPL 3.0</license>

		<website>https://gaiakodi.com</website>
		<forum>https://gaiakodi.com/support</forum>

		<assets>
			<icon>resources/icon.png</icon>
			<clearlogo>resources/clearlogo.png</clearlogo>
			<fanart>resources/fanart.jpg</fanart>
			<banner>resources/banner.jpg</banner>
		</assets>
	</extension>
</addon>
